pablo;chocolate;pablo;aguilar;4181234567
linda;linda;linda;tremblay;4172345678
mario;mario;mario;dinde;4182345687
gagnon;abel;Abel;gagnon;4183459807
kim;kim;Kin;tremblay;4182347638
abel;abel;peres;4182345687
paul;paul;paul;peres;4183492817
rose;pomme;Rose;Blackburn;4183492820
